Name,OU,Password,Username
Aivo Teder,MŸŸk,Passw0rd,aivo.teder
Andres Karl Kukk,Personal,Passw0rd,andres.karl kukk
Anette Kuusk,Raamatupidamine,Passw0rd,anette.kuusk
Annabel JŸrgens,Personal,Passw0rd,annabel.jŸrgens
Annabel Saar,MŸŸk,Passw0rd,annabel.saar
Anne-Mai Koppel,MŸŸk,Passw0rd,anne-mai.koppel
Anneli Koppel,Toimetajad,Passw0rd,anneli.koppel
Anneli Pihl,Raamatupidamine,Passw0rd,anneli.pihl
Anneli Roos,IT,Passw0rd,anneli.roos
Annika Koppel,IT,Passw0rd,annika.koppel
Annika Rand,Juhtkond,Passw0rd,annika.rand
Erki Niit,Haldus,Passw0rd,erki.niit
Evelin Koppel,IT,Passw0rd,evelin.koppel
Evelin Mets,Juhtkond,Passw0rd,evelin.mets
Evelin Rand,Raamatupidamine,Passw0rd,evelin.rand
Evelin Soosaar,Personal,Passw0rd,evelin.soosaar
Grete Maasikas,Personal,Passw0rd,grete.maasikas
Grete Oja,Toimetajad,Passw0rd,grete.oja
Grete Rand,MŸŸk,Passw0rd,grete.rand
Grete Teder,Juhtkond,Passw0rd,grete.teder
Hannes Maasik,Raamatupidamine,Passw0rd,hannes.maasik
Hannes R››m,Juhtkond,Passw0rd,hannes.r››m
Heidi Katrin PŠrn,Haldus,Passw0rd,heidi.katrin pŠrn
Heidi Kuusk,MŸŸk,Passw0rd,heidi.kuusk
Heidy Maasikas,Juhtkond,Passw0rd,heidy.maasikas
Heidy P›der,Toimetajad,Passw0rd,heidy.p›der
Heiki Laanemets,Juhtkond,Passw0rd,heiki.laanemets
Heiki Niit,IT,Passw0rd,heiki.niit
Helena Vool,Personal,Passw0rd,helena.vool
Hendrik Lepp,Raamatupidamine,Passw0rd,hendrik.lepp
Hendrik Lill,Personal,Passw0rd,hendrik.lill
Hendrik P›der,IT,Passw0rd,hendrik.p›der
Indrek Kask,Personal,Passw0rd,indrek.kask
Indrek Laanemets,MŸŸk,Passw0rd,indrek.laanemets
Jaanus Reinsalu,IT,Passw0rd,jaanus.reinsalu
Janek JŠrv,MŸŸk,Passw0rd,janek.jŠrv
Janika Laanemets,Raamatupidamine,Passw0rd,janika.laanemets
JŸrgen Saare,Juhtkond,Passw0rd,jŸrgen.saare
Kaia Koppel,MŸŸk,Passw0rd,kaia.koppel
Kaia Kuusk,Haldus,Passw0rd,kaia.kuusk
Kaia Lepp,Toimetajad,Passw0rd,kaia.lepp
Kaia Lill,Juhtkond,Passw0rd,kaia.lill
Kairit P›der,MŸŸk,Passw0rd,kairit.p›der
Kairit Rand,IT,Passw0rd,kairit.rand
Karina Mets,Raamatupidamine,Passw0rd,karina.mets
Karina Oja,Toimetajad,Passw0rd,karina.oja
Karina Íun,IT,Passw0rd,karina.›un
Karl Hendrik Roos,Haldus,Passw0rd,karl.hendrik roos
Karmen Pihl,Haldus,Passw0rd,karmen.pihl
Karmen Veer,Juhtkond,Passw0rd,karmen.veer
Karolin Lepp,Juhtkond,Passw0rd,karolin.lepp
Karolin Teder,Personal,Passw0rd,karolin.teder
Keidi JŸrgens,Raamatupidamine,Passw0rd,keidi.jŸrgens
Kertu Pihl,Raamatupidamine,Passw0rd,kertu.pihl
Kertu Rand,Toimetajad,Passw0rd,kertu.rand
Kristel Íis,Toimetajad,Passw0rd,kristel.›is
Kristiina Rand,Haldus,Passw0rd,kristiina.rand
Kristiina Reet Lepp,Personal,Passw0rd,kristiina.reet lepp
Kristjan Laanemets,Toimetajad,Passw0rd,kristjan.laanemets
Kristjan Vool,IT,Passw0rd,kristjan.vool
Kristo Oja,MŸŸk,Passw0rd,kristo.oja
Kristo Rand,Raamatupidamine,Passw0rd,kristo.rand
Kristo Íun,Juhtkond,Passw0rd,kristo.›un
KŠtlin Anette Laanemets,IT,Passw0rd,kŠtlin.anette laanemets
KŠtlin Oja,Haldus,Passw0rd,kŠtlin.oja
KŠtlin Roos,Toimetajad,Passw0rd,kŠtlin.roos
Laura Íun,MŸŸk,Passw0rd,laura.›un
Lauri Tamme,IT,Passw0rd,lauri.tamme
Leelo Kuusk,Raamatupidamine,Passw0rd,leelo.kuusk
Liina Maasikas,Juhtkond,Passw0rd,liina.maasikas
Liisa Kristi KivimŠgi,IT,Passw0rd,liisa.kristi kivimŠgi
Liisa Oja,Juhtkond,Passw0rd,liisa.oja
Liisi Teder,Personal,Passw0rd,liisi.teder
Liisi Vool,Toimetajad,Passw0rd,liisi.vool
Maarja Saar,Personal,Passw0rd,maarja.saar
Maarja Íis,Juhtkond,Passw0rd,maarja.›is
Madis Kuusk,Toimetajad,Passw0rd,madis.kuusk
Madis Kuusk,Juhtkond,Passw0rd,madis.kuusk
Madis Roos,MŸŸk,Passw0rd,madis.roos
Madis Tamme,Raamatupidamine,Passw0rd,madis.tamme
Madis Vool,Haldus,Passw0rd,madis.vool
Margus Reinsalu,IT,Passw0rd,margus.reinsalu
Mari-Liis Kask,IT,Passw0rd,mari-liis.kask
Maris Pehk,Haldus,Passw0rd,maris.pehk
Mark Saare,MŸŸk,Passw0rd,mark.saare
Marko Íun,Personal,Passw0rd,marko.›un
Mart Maasikas,IT,Passw0rd,mart.maasikas
Mart Saar,Personal,Passw0rd,mart.saar
Marten Roos,Haldus,Passw0rd,marten.roos
Marten Saare,Toimetajad,Passw0rd,marten.saare
Marten Vool,MŸŸk,Passw0rd,marten.vool
Martin Maasik,Haldus,Passw0rd,martin.maasik
Martin Teder,Toimetajad,Passw0rd,martin.teder
Martti Oja,Raamatupidamine,Passw0rd,martti.oja
Meelis Kaasik,Personal,Passw0rd,meelis.kaasik
Meelis P›der,Toimetajad,Passw0rd,meelis.p›der
Mihkel Oja,Juhtkond,Passw0rd,mihkel.oja
Oliver Lepp,Haldus,Passw0rd,oliver.lepp
Oliver Maasik,Raamatupidamine,Passw0rd,oliver.maasik
Oliver Pihl,Haldus,Passw0rd,oliver.pihl
Oliver Teder,Toimetajad,Passw0rd,oliver.teder
Oskar Tamm,Raamatupidamine,Passw0rd,oskar.tamm
Priit Martin Tamm,IT,Passw0rd,priit.martin tamm
Priit P›der,MŸŸk,Passw0rd,priit.p›der
Priit Tamme,Haldus,Passw0rd,priit.tamme
Priit Íun,Raamatupidamine,Passw0rd,priit.›un
Raimo Lill,Raamatupidamine,Passw0rd,raimo.lill
Raimo Lille,Haldus,Passw0rd,raimo.lille
Raimo P›der,Personal,Passw0rd,raimo.p›der
Rainer Tamme,Juhtkond,Passw0rd,rainer.tamme
Rainer Vaher,IT,Passw0rd,rainer.vaher
Rita Mari Rand,Haldus,Passw0rd,rita.mari rand
Sander Laanemets,IT,Passw0rd,sander.laanemets
Sandra Maasikas,Toimetajad,Passw0rd,sandra.maasikas
Sandra Oja,Personal,Passw0rd,sandra.oja
Sandra Tamme,MŸŸk,Passw0rd,sandra.tamme
Siim Mihkel Mets,IT,Passw0rd,siim.mihkel mets
Siiri Koppel,Haldus,Passw0rd,siiri.koppel
Siiri Kuusk,Toimetajad,Passw0rd,siiri.kuusk
Siiri Mets,Raamatupidamine,Passw0rd,siiri.mets
Siiri Teder,Raamatupidamine,Passw0rd,siiri.teder
Sirje Lille,MŸŸk,Passw0rd,sirje.lille
Taavi Reet Mets,Personal,Passw0rd,taavi.reet mets
Taavi Uibo,Haldus,Passw0rd,taavi.uibo
Taivo JŠrv,Juhtkond,Passw0rd,taivo.jŠrv
Taivo Mets,Toimetajad,Passw0rd,taivo.mets
Tarmo Kuusk,Juhtkond,Passw0rd,tarmo.kuusk
Tiina JŠrv,MŸŸk,Passw0rd,tiina.jŠrv
Triin Evelin R›igas,IT,Passw0rd,triin.evelin r›igas
T›nu Kask,Personal,Passw0rd,t›nu.kask
Uku Maasik,Haldus,Passw0rd,uku.maasik
Viivi Saare,Raamatupidamine,Passw0rd,viivi.saare